{"cameraMode":{"drawMode":0,"name":"Shaded","section":"Shading Mode"},"sceneLighting":false,"audioPlay":false,"sceneViewState":{"m_AlwaysRefresh":false,"showFog":true,"showSkybox":false,"showFlares":true,"showImageEffects":true,"showParticleSystems":true,"showVisualEffectGraphs":true,"m_FxEnabled":true},"in2DMode":false,"pivot":{"x":5.960464477539063e-7,"y":0.9401887655258179,"z":-0.0000706017017364502},"rotation":{"x":0.006933629512786865,"y":0.9870434403419495,"z":-0.15403622388839723,"w":0.0444333478808403},"size":1.2442381381988526,"orthographic":false}