{"cameraMode":{"drawMode":0,"name":"Shaded","section":"Shading Mode"},"sceneLighting":false,"audioPlay":false,"sceneViewState":{"m_AlwaysRefresh":false,"showFog":false,"showSkybox":false,"showFlares":false,"showImageEffects":false,"showParticleSystems":false,"showVisualEffectGraphs":true,"m_FxEnabled":true},"in2DMode":false,"pivot":{"x":0.13872653245925904,"y":0.9466837644577026,"z":0.33655846118927},"rotation":{"x":0.012961826287209988,"y":-0.9865356683731079,"z":0.09829563647508621,"w":0.1300872564315796},"size":1.6416819095611573,"orthographic":false}